Brand,Model,Version,Body Type,Fuel_Type
Audi,A1,25 TFSI ADRENALIN,HACH 5P,ICE
Audi,A1,25 TFSI ADRENALIN BLACK LINE,HACH 5P,ICE
Audi,A1,25 TFSI ADVANCED,HACH 5P,ICE
Audi,A1,30 TFSI ADRENALIN,HACH 5P,ICE
Audi,A1,30 TFSI ADRENALIN BLACK LINE,HACH 5P,ICE
Audi,A1,30 TFSI ADVANCED,HACH 5P,ICE
Audi,A1,30 TFSI STRONIC ADRENALIN,HACH 5P,ICE
Audi,A1,30 TFSI STRONIC ADRENALIN BLACK LINE,HACH 5P,ICE
Audi,A1,30 TFSI STRONIC ADVANCED,HACH 5P,ICE
Audi,A1,35 TFSI ADRENALIN,HACH 5P,ICE
Audi,A1,35 TFSI STRONIC ADRENALIN,HACH 5P,ICE
Audi,A1,35 TFSI STRONIC ADRENALIN BLACK LINE,HACH 5P,ICE
Audi,A1,ALLSTREET 25 TFSI ADRENALIN BLACK LINE,HACH 5P,ICE
Audi,A1,ALLSTREET 30 TFSI,HACH 5P,ICE
Audi,A1,ALLSTREET 30 TFSI ADRENALIN,HACH 5P,ICE
Audi,A1,ALLSTREET 30 TFSI ADRENALIN BLACK LINE,HACH 5P,ICE
Audi,A1,ALLSTREET 30 TFSI STRONIC,HACH 5P,ICE
Audi,A1,ALLSTREET 30 TFSI STRONIC ADRENALIN,HACH 5P,ICE
Audi,A1,ALLSTREET 30 TFSI STRONIC ADRENALIN BLACK LINE,HACH 5P,ICE
Audi,A1,ALLSTREET 35 S TRONIC ADRENALIN BLACK LINE,HACH 5P,ICE
Audi,A1,ALLSTREET 35 TFSI STRONIC,HACH 5P,ICE
Audi,A1,ALLSTREET 35 TFSI STRONIC ADRENALIN,HACH 5P,ICE
Audi,A3,30 TDI ADVANCED,SEDAN,ICE
Audi,A3,30 TDI S LINE,SEDAN,ICE
Audi,A3,30 TDI SPORTBACK ADVANCED,HACH 5P,ICE
Audi,A3,30 TDI SPORTBACK S LINE,HACH 5P,ICE
Audi,A3,30 TFSI  S LINE,SEDAN,ICE
Audi,A3,30 TFSI ADVANCED,SEDAN,ICE
Audi,A3,30 TFSI MHEV SPORTBACK STRONIC ADVANCED,HACH 5P,ICE
Audi,A3,30 TFSI MHEV SPORTBACK STRONIC S LINE,HACH 5P,ICE
Audi,A3,30 TFSI MHEV STRONIC ADVANCED,SEDAN,ICE
Audi,A3,30 TFSI MHEV STRONIC S LINE,SEDAN,ICE
Audi,A3,30 TFSI SPORTBACK ADVANCED,HACH 5P,ICE
Audi,A3,30 TFSI SPORTBACK S LINE,HACH 5P,ICE
Audi,A3,35 TDI SPORTBACK STRONIC ADVANCED,HACH 5P,ICE
Audi,A3,35 TDI SPORTBACK STRONIC BLACK LINE,HACH 5P,ICE
Audi,A3,35 TDI SPORTBACK STRONIC GENUINE,HACH 5P,ICE
Audi,A3,35 TDI SPORTBACK STRONIC S LINE,HACH 5P,ICE
Audi,A3,35 TDI STRONIC ADVANCED,SEDAN,ICE
Audi,A3,35 TDI STRONIC BLACK LINE,SEDAN,ICE
Audi,A3,35 TDI STRONIC S LINE,SEDAN,ICE
Audi,A3,35 TFSI ADVANCED,SEDAN,ICE
Audi,A3,35 TFSI BLACK LINE,SEDAN,ICE
Audi,A3,35 TFSI MHEV SPORTBACK STRONIC ADVANCED,HACH 5P,ICE
Audi,A3,35 TFSI MHEV SPORTBACK STRONIC BLACK LINE,HACH 5P,ICE
Audi,A3,35 TFSI MHEV SPORTBACK STRONIC GENUINE,HACH 5P,ICE
Audi,A3,35 TFSI MHEV SPORTBACK STRONIC S LINE,HACH 5P,ICE
Audi,A3,35 TFSI MHEV STRONIC ADVANCED,SEDAN,ICE
Audi,A3,35 TFSI MHEV STRONIC BLACK LINE,SEDAN,ICE
Audi,A3,35 TFSI MHEV STRONIC S LINE,SEDAN,ICE
Audi,A3,35 TFSI S LINE,SEDAN,ICE
Audi,A3,35 TFSI SPORTBACK ADVANCED,HACH 5P,ICE
Audi,A3,35 TFSI SPORTBACK BLACK LINE,HACH 5P,ICE
Audi,A3,35 TFSI SPORTBACK S LINE,HACH 5P,ICE
Audi,A3,40 TFSI MHEV QUATTRO SPORTBACK STRONIC BLACK LINE,HACH 5P,ICE
Audi,A3,40 TFSIe SPORTBACK STRONIC ADVANCED,HACH 5P,PHEV
Audi,A3,40 TFSIe SPORTBACK STRONIC GENUINE,HACH 5P,PHEV
Audi,A3,40 TFSIe SPORTBACK STRONIC S LINE,HACH 5P,PHEV
Audi,A3,45 TFSIe SPORTBACK STRONIC BLACK LINE,HACH 5P,PHEV
Audi,A3,ALLSTREET 35 TDI STRONIC ADVANCED,HACH 5P,ICE
Audi,A3,ALLSTREET 35 TDI STRONIC GENUINE,HACH 5P,ICE
Audi,A3,ALLSTREET 35 TFSI MHEV STRONIC ADVANCED,HACH 5P,ICE
Audi,A3,ALLSTREET 35 TFSI MHEV STRONIC GENUINE,HACH 5P,ICE
Audi,A3,ALLSTREET 40 TFSI QUATTRO STRONIC GENUINE,HACH 5P,ICE
Audi,A3,ALLSTREET 40 TFSIe STRONIC ADVANCED,HACH 5P,PHEV
Audi,A3,ALLSTREET 40 TFSIe STRONIC GENUINE,HACH 5P,PHEV
Audi,A3,RS3 QUATTRO SEDAN,SEDAN,ICE
Audi,A3,RS3 QUATTRO SPORTBACK,HACH 5P,ICE
Audi,A3,RS3 QUATTRO SPORTBACK COMPETITION LIMITED,HACH 5P,ICE
Audi,A3,S3 QUATTRO S TRONIC SEDAN,HACH 5P,ICE
Audi,A3,S3 QUATTRO S TRONIC SPORTBACK,HACH 5P,ICE
Audi,A4,45 TFSI QUATTRO S TRONIC BLACK LINE AVANT,ESTATE,ICE
Audi,A4,RS4 TFSI QUATTRO AVANT,ESTATE,ICE
Audi,A5,40 TDI QUATTRO ADVANCED S TRONIC SPORTBACK,SEDAN,ICE
Audi,A5,40 TDI QUATTRO S TRONIC S LINE,COUPE,ICE
Audi,A5,40 TDI QUATTRO S TRONIC S LINE SPORTBACK,SEDAN,ICE
Audi,A5,40 TDI S TRONIC ADVANCED,COUPE,ICE
Audi,A5,40 TDI S TRONIC ADVANCED SPORTBACK,SEDAN,ICE
Audi,A5,40 TDI S TRONIC BLACK LINE,COUPE,ICE
Audi,A5,40 TDI S TRONIC SPORTBACK BLACK LINE,SEDAN,ICE
Audi,A5,40 TDI S TRONIC SPORTBACK S LINE,SEDAN,ICE
Audi,A5,40 TFSI S TRONIC BLACK LIMITED SPORTBACK,SEDAN,ICE
Audi,A5,45 TFSI QUATTRO S TRONIC S LINE SPORTBACK,SEDAN,ICE
Audi,A5,eHYBRID 220KW QUATTRO S TRONIC ADVANCED,ESTATE,PHEV
Audi,A5,eHYBRID 220KW QUATTRO S TRONIC ADVANCED,SEDAN,PHEV
Audi,A5,eHYBRID 220KW QUATTRO S TRONIC BLACK LINE,ESTATE,PHEV
Audi,A5,eHYBRID 220KW QUATTRO S TRONIC BLACK LINE,SEDAN,PHEV
Audi,A5,eHYBRID 220KW QUATTRO S TRONIC BUSINESS,ESTATE,PHEV
Audi,A5,eHYBRID 220KW QUATTRO S TRONIC BUSINESS,SEDAN,PHEV
Audi,A5,eHYBRID 220KW QUATTRO S TRONIC S LINE,ESTATE,PHEV
Audi,A5,eHYBRID 220KW QUATTRO S TRONIC S LINE,SEDAN,PHEV
Audi,A5,eHYBRID 270KW QUATTRO S TRONIC BLACK LINE,ESTATE,PHEV
Audi,A5,eHYBRID 270KW QUATTRO S TRONIC BLACK LINE,SEDAN,PHEV
Audi,A5,RS5 450CV TIPTRONIC SPORTBACK,COUPE,ICE
Audi,A5,RS5 V6 TFSI e-HYBRID 470kW,SEDAN,PHEV
Audi,A5,RS5 V6 TFSI e-HYBRID 470kW AVANT,ESTATE,PHEV
Audi,A5,S5 TFSI 270KW(367CV) S TRONIC,ESTATE,ICE
Audi,A5,S5 TSI 270KW (367CV) S TRONIC,SEDAN,ICE
Audi,A5,TDI 150KW (204CV) MHEV Q STRONIC BLACK LINE AVANT,ESTATE,ICE
Audi,A5,TDI 150KW (204CV) MHEV QUAT STRONIC ADVANCED AVANT,ESTATE,ICE
Audi,A5,TDI 150KW (204CV) MHEV QUAT STRONIC BUSINESS AVANT,ESTATE,ICE
Audi,A5,TDI 150KW (204CV) MHEV QUAT STRONIC S LINE AVANT,ESTATE,ICE
Audi,A5,TDI 150KW (204CV) MHEV S TRONIC ADVANCED AVANT,ESTATE,ICE
Audi,A5,TDI 150KW (204CV) MHEV S TRONIC BLACK LINE AVANT,ESTATE,ICE
Audi,A5,TDI 150KW (204CV) MHEV S TRONIC BUSINESS AVANT,ESTATE,ICE
Audi,A5,TDI 150KW (204CV) MHEV S TRONIC S LINE AVANT,ESTATE,ICE
Audi,A5,TDI 150KW (204CV) QUATTRO S TRONIC MHEV ADVANCED,SEDAN,ICE
Audi,A5,TDI 150KW (204CV) QUATTRO S TRONIC MHEV BLACK LINE,SEDAN,ICE
Audi,A5,TDI 150KW (204CV) QUATTRO S TRONIC MHEV BUSINESS,SEDAN,ICE
Audi,A5,TDI 150KW (204CV) QUATTRO S TRONIC MHEV S LINE,SEDAN,ICE
Audi,A5,TDI 150KW (204CV) S TRONIC MHEV ADVANCED,SEDAN,ICE
Audi,A5,TDI 150KW (204CV) S TRONIC MHEV BLACK LINE,SEDAN,ICE
Audi,A5,TDI 150KW (204CV) S TRONIC MHEV BUSINESS,SEDAN,ICE
Audi,A5,TDI 150KW (204CV) S TRONIC MHEV S LINE,SEDAN,ICE
Audi,A5,TFSI 110KW (150CV) S TRONIC ADVANCED,SEDAN,ICE
Audi,A5,TFSI 110KW (150CV) S TRONIC ADVANCED AVANT,ESTATE,ICE
Audi,A5,TFSI 110KW (150CV) S TRONIC BLACK LINE,SEDAN,ICE
Audi,A5,TFSI 110KW (150CV) S TRONIC BLACK LINE AVANT,ESTATE,ICE
Audi,A5,TFSI 110KW (150CV) S TRONIC BUSINESS,SEDAN,ICE
Audi,A5,TFSI 110KW (150CV) S TRONIC BUSINESS AVANT,ESTATE,ICE
Audi,A5,TFSI 110KW (150CV) S TRONIC S LINE,SEDAN,ICE
Audi,A5,TFSI 110KW (150CV) S TRONIC S LINE AVANT,ESTATE,ICE
Audi,A5,TFSI 150KW (204CV) S TRONIC ADVANCED,SEDAN,ICE
Audi,A5,TFSI 150KW (204CV) S TRONIC ADVANCED AVANT,ESTATE,ICE
Audi,A5,TFSI 150KW (204CV) S TRONIC BLACK LINE,SEDAN,ICE
Audi,A5,TFSI 150KW (204CV) S TRONIC BLACK LINE AVANT,ESTATE,ICE
Audi,A5,TFSI 150KW (204CV) S TRONIC BUSINESS,SEDAN,ICE
Audi,A5,TFSI 150KW (204CV) S TRONIC S LINE,SEDAN,ICE
Audi,A5,TFSI 150KW (204CV) S TRONIC S LINE AVANT,ESTATE,ICE
Audi,A5,TFSI QUATTRO 200KW (272CV) MHEV BLACK LINE AVANT,ESTATE,ICE
Audi,A5,TFSI QUATTRO 200KW (272CV) MHEV S TR S LINE AVANT,ESTATE,ICE
Audi,A5,TFSI QUATTRO 200KW (272CV) S TRONIC BLACK LINE,SEDAN,ICE
Audi,A6,40 TDI MHEV 150KW (204CV) S TRONIC S LINE,SEDAN,ICE
Audi,A6,45 TDI QUATTRO S TRONIC AVANT BLACK LINE,ESTATE,ICE
Audi,A6,45 TDI QUATTRO S TRONIC S LINE,SEDAN,ICE
Audi,A6,50 TFSIe QUATTRO S TRONIC AVANT ADVANCED,ESTATE,PHEV
Audi,A6,55 TFSIe 195KW (367CV) QUATTRO S TRONIC BLACK LINE,SEDAN,PHEV
Audi,A6,e-HYBRID QUATTRO 220KW S TRONIC ADVANCED,ESTATE,PHEV
Audi,A6,e-HYBRID QUATTRO 220KW S TRONIC ADVANCED,SEDAN,PHEV
Audi,A6,e-HYBRID QUATTRO 220KW S TRONIC BLACK LINE,ESTATE,PHEV
Audi,A6,e-HYBRID QUATTRO 220KW S TRONIC BLACK LINE,SEDAN,PHEV
Audi,A6,e-HYBRID QUATTRO 220KW S TRONIC S LINE,ESTATE,PHEV
Audi,A6,e-HYBRID QUATTRO 220KW S TRONIC S LINE,SEDAN,PHEV
Audi,A6,e-HYBRID QUATTRO 270KW S TRONIC BLACK LINE,ESTATE,PHEV
Audi,A6,e-HYBRID QUATTRO 270KW S TRONIC BLACK LINE,SEDAN,PHEV
Audi,A6,e-tron 210KW (285CV) ADVANCED,SEDAN,BEV
Audi,A6,e-tron 210KW (285CV) ADVANCED AVANT,ESTATE,BEV
Audi,A6,e-tron 210KW (285CV) BLACK LINE,SEDAN,BEV
Audi,A6,e-tron 210KW (285CV) BLACK LINE AVANT,ESTATE,BEV
Audi,A6,e-tron 210KW (285CV) S LINE,SEDAN,BEV
Audi,A6,e-tron 210KW (285CV) S LINE AVANT,ESTATE,BEV
Audi,A6,e-tron PERFORMANCE 270KW (367CV)  BLACK LINE AVANT,ESTATE,BEV
Audi,A6,e-tron PERFORMANCE 270KW (367CV) ADVANCED AVANT,ESTATE,BEV
Audi,A6,e-tron PERFORMANCE 270KW (367CV) BLACK LINE,SEDAN,BEV
Audi,A6,e-tron PERFORMANCE 270KW (367CV)ADVANCED,SEDAN,BEV
Audi,A6,e-tron PERFORMANCE 270KW(367CV)  S LINE,SEDAN,BEV
Audi,A6,e-tron PERFORMANCE 270KW(367CV) S LINE AVANT,ESTATE,BEV
Audi,A6,e-tron QUATTRO 315KW (428CV) ADVANCED,SEDAN,BEV
Audi,A6,e-tron QUATTRO 315KW (428CV) ADVANCED AVANT,ESTATE,BEV
Audi,A6,e-tron QUATTRO 315KW (428CV) BLACK LINE,SEDAN,BEV
Audi,A6,e-tron QUATTRO 315KW (428CV) BLACK LINEAVANT,ESTATE,BEV
Audi,A6,e-tron QUATTRO 315KW (428CV) S LINE,SEDAN,BEV
Audi,A6,e-tron QUATTRO 315KW (428CV) S LINEAVANT,ESTATE,BEV
Audi,A6,RS6 AVANT RS6 PERFORMANCE,ESTATE,ICE
Audi,A6,TDI 150KW S TRONIC ADVANCED,ESTATE,ICE
Audi,A6,TDI 150KW S TRONIC ADVANCED,SEDAN,ICE
Audi,A6,TDI 150KW S TRONIC BLACK LINE,ESTATE,ICE
Audi,A6,TDI 150KW S TRONIC BLACK LINE,SEDAN,ICE
Audi,A6,TDI 150KW S TRONIC S LINE,ESTATE,ICE
Audi,A6,TDI 150KW S TRONIC S LINE,SEDAN,ICE
Audi,A6,TDI QUATTRO 150KW S TRONIC ADVANCED,ESTATE,ICE
Audi,A6,TDI QUATTRO 150KW S TRONIC ADVANCED,SEDAN,ICE
Audi,A6,TDI QUATTRO 150KW S TRONIC BLACK LINE,ESTATE,ICE
Audi,A6,TDI QUATTRO 150KW S TRONIC BLACK LINE,SEDAN,ICE
Audi,A6,TDI QUATTRO 150KW S TRONIC S LINE,ESTATE,ICE
Audi,A6,TDI QUATTRO 150KW S TRONIC S LINE,SEDAN,ICE
Audi,A6,TDI QUATTRO 220KW S TRONIC BLACK LINE,ESTATE,ICE
Audi,A6,TDI QUATTRO 220KW S TRONIC BLACK LINE,SEDAN,ICE
Audi,A6,TDI QUATTRO 220KW S TRONIC S LINE,ESTATE,ICE
Audi,A6,TFSI QUATTRO 200KW S TRONIC BLACK LINE,ESTATE,ICE
Audi,A6,TFSI QUATTRO 200KW S TRONIC S LINE,SEDAN,ICE
Audi,A8,50 TDI QUATTRO TIPTRONIC 8v,SEDAN,ICE
Audi,A8,50 TDI QUATTRO TIPTRONIC 8v LWB,SEDAN,ICE
Audi,A8,60 TFSI e QUATTRO TRIPTONIC 8v,SEDAN,PHEV
Audi,A8,60 TFSI e QUATTRO TRIPTONIC 8v LWB,SEDAN,PHEV
Audi,A8,S8 TFSI QUATTRO TIPTRONIC 8v,SEDAN,ICE
Audi,e-tron GT,e-TRON GT QUATTRO,SEDAN,BEV
Audi,e-tron GT,RS PERFORMANCE e-TRON GT,SEDAN,BEV
Audi,e-tron GT,S e-TRON GT,SEDAN,BEV
Audi,Q2,30 TDI ADRENALIN,SAV,ICE
Audi,Q2,30 TDI ADRENALIN BLACK,SAV,ICE
Audi,Q2,30 TDI ADVANCED,SAV,ICE
Audi,Q2,30 TDI BLACK LINE,SAV,ICE
Audi,Q2,30 TFSI ADRENALIN,SAV,ICE
Audi,Q2,30 TFSI ADRENALIN BLACK,SAV,ICE
Audi,Q2,30 TFSI ADVANCED,SAV,ICE
Audi,Q2,30 TFSI S LINE,SAV,ICE
Audi,Q2,35 TDI QUATTRO S TRONIC ADRENALIN,SAV,ICE
Audi,Q2,35 TDI QUATTRO S TRONIC ADRENALIN BLACK,SAV,ICE
Audi,Q2,35 TDI QUATTRO S TRONIC ADVANCED,SAV,ICE
Audi,Q2,35 TDI QUATTRO S TRONIC BLACK LINE,SAV,ICE
Audi,Q2,35 TDI S TRONIC ADRENALIN,SAV,ICE
Audi,Q2,35 TDI S TRONIC ADRENALIN BLACK,SAV,ICE
Audi,Q2,35 TDI S TRONIC ADVANCED,SAV,ICE
Audi,Q2,35 TDI S TRONIC BLACK LINE,SAV,ICE
Audi,Q2,35 TFSI ADRENALIN,SAV,ICE
Audi,Q2,35 TFSI ADRENALIN BLACK,SAV,ICE
Audi,Q2,35 TFSI ADVANCED,SAV,ICE
Audi,Q2,35 TFSI BLACK LINE,SAV,ICE
Audi,Q2,35 TFSI S TRONIC ADRENALIN,SAV,ICE
Audi,Q2,35 TFSI S TRONIC ADRENALIN BLACK,SAV,ICE
Audi,Q2,35 TFSI S TRONIC ADVANCED,SAV,ICE
Audi,Q2,35 TFSI S TRONIC BLACK LINE,SAV,ICE
Audi,Q2,35 TFSI S TRONIC S LINE,SAV,ICE
Audi,Q2,SQ2 20 TFSI QUATTRO,SAV,ICE
Audi,Q3,35 TDI S TRONIC ADVANCED,SAV,ICE
Audi,Q3,35 TDI S TRONIC BLACK LINE,SAV,ICE
Audi,Q3,35 TDI S TRONIC GENUINE,SAV,ICE
Audi,Q3,35 TDI S TRONIC S LINE,SAV,ICE
Audi,Q3,35 TFSI ADVANCED,SAV,ICE
Audi,Q3,35 TFSI BLACK LINE,SAV,ICE
Audi,Q3,35 TFSI S LINE,SAV,ICE
Audi,Q3,35 TFSI S TRONIC ADVANCED,SAV,ICE
Audi,Q3,e-HYBRID 200KW S TRONIC ADVANCED,SAV,PHEV
Audi,Q3,e-HYBRID 200KW S TRONIC BLACK LINE,SAV,PHEV
Audi,Q3,e-HYBRID 200KW S TRONIC BUSINESS,SAV,PHEV
Audi,Q3,e-HYBRID 200KW S TRONIC PROGRESSIVE,SAV,PHEV
Audi,Q3,e-HYBRID 200KW S TRONIC S LINE,SAV,PHEV
Audi,Q3,TDI 110KW S TRONIC ADVANCED,SAV,ICE
Audi,Q3,TDI 110KW S TRONIC BLACK LINE,SAV,ICE
Audi,Q3,TDI 110KW S TRONIC BUSINESS,SAV,ICE
Audi,Q3,TDI 110KW S TRONIC PROGRESSIVE,SAV,ICE
Audi,Q3,TDI 110KW S TRONIC S LINE,SAV,ICE
Audi,Q3,TDI QUATTRO 142KW S TRONIC BLACK LINE,SAV,ICE
Audi,Q3,TFSI 110KW S TRONIC ADVANCED,SAV,ICE
Audi,Q3,TFSI 110KW S TRONIC BLACK LINE,SAV,ICE
Audi,Q3,TFSI 110KW S TRONIC BUSINESS,SAV,ICE
Audi,Q3,TFSI 110KW S TRONIC PROGRESSIVE,SAV,ICE
Audi,Q3,TFSI 110KW S TRONIC S LINE,SAV,ICE
Audi,Q3,TFSI QUATTRO 150KW S TRONIC ADVANCED,SAV,ICE
Audi,Q3,TFSI QUATTRO 150KW S TRONIC BLACK LINE,SAV,ICE
Audi,Q3,TFSI QUATTRO 150KW S TRONIC BUSINESS,SAV,ICE
Audi,Q3,TFSI QUATTRO 150KW S TRONIC PROGRESSIVE,SAV,ICE
Audi,Q3,TFSI QUATTRO 150KW S TRONIC S LINE,SAV,ICE
Audi,Q3,TFSI QUATTRO 195KW S TRONIC BLACK LINE,SAV,ICE
Audi,Q3,TFSI QUATTRO 195KW S TRONIC S LINE,SAV,ICE
Audi,Q3 Sportback,SPORTBACK 35 TDI BLACK LINE S TRONIC 7v,SAV,ICE
Audi,Q3 Sportback,SPORTBACK 35 TDI S TRONIC ADVANCED,SAV,ICE
Audi,Q3 Sportback,SPORTBACK 35 TDI S TRONIC BLACK LIMITED,SAV,ICE
Audi,Q3 Sportback,SPORTBACK 35 TDI S TRONIC S LINE,SAV,ICE
Audi,Q3 Sportback,SPORTBACK 35 TFSI ADVANCED,SAV,ICE
Audi,Q3 Sportback,SPORTBACK 35 TFSI BLACK LINE,SAV,ICE
Audi,Q3 Sportback,SPORTBACK 35 TFSI S LINE,SAV,ICE
Audi,Q3 Sportback,SPORTBACK 35 TFSI S TRONIC ADVANCED,SAV,ICE
Audi,Q3 Sportback,SPORTBACK 35 TFSI S TRONIC BLACK LINE,SAV,ICE
Audi,Q3 Sportback,SPORTBACK 35 TFSI S TRONIC S LINE,SAV,ICE
Audi,Q3 Sportback,SPORTBACK 40 TDI QUATTRO S TRONIC ADVANCED,SAV,ICE
Audi,Q3 Sportback,SPORTBACK 40 TFSI QUATTRO S TRONIC BLACK LIMITED,SAV,ICE
Audi,Q3 Sportback,SPORTBACK e-HYBRID 200KW S TRONIC ADVANCED,SAV,PHEV
Audi,Q3 Sportback,SPORTBACK e-HYBRID 200KW S TRONIC BLACK LINE,SAV,PHEV
Audi,Q3 Sportback,SPORTBACK e-HYBRID 200KW S TRONIC BUSINESS,SAV,PHEV
Audi,Q3 Sportback,SPORTBACK e-HYBRID 200KW S TRONIC PROGRESSIVE,SAV,PHEV
Audi,Q3 Sportback,SPORTBACK e-HYBRID 200KW S TRONIC S LINE,SAV,PHEV
Audi,Q3 Sportback,SPORTBACK TDI 110KW S TRONIC ADVANCED,SAV,ICE
Audi,Q3 Sportback,SPORTBACK TDI 110KW S TRONIC BLACK LINE,SAV,ICE
Audi,Q3 Sportback,SPORTBACK TDI 110KW S TRONIC BUSINESS,SAV,ICE
Audi,Q3 Sportback,SPORTBACK TDI 110KW S TRONIC PROGRESSIVE,SAV,ICE
Audi,Q3 Sportback,SPORTBACK TDI 110KW S TRONIC S LINE,SAV,ICE
Audi,Q3 Sportback,SPORTBACK TDI QUATTRO 142KW S TRONIC ADVANCED,SAV,ICE
Audi,Q3 Sportback,SPORTBACK TDI QUATTRO 142KW S TRONIC BLACK LINE,SAV,ICE
Audi,Q3 Sportback,SPORTBACK TDI QUATTRO 142KW S TRONIC S LINE,SAV,ICE
Audi,Q3 Sportback,SPORTBACK TFSI 110KW S TRONIC ADVANCED,SAV,ICE
Audi,Q3 Sportback,SPORTBACK TFSI 110KW S TRONIC BLACK LINE,SAV,ICE
Audi,Q3 Sportback,SPORTBACK TFSI 110KW S TRONIC BUSINESS,SAV,ICE
Audi,Q3 Sportback,SPORTBACK TFSI 110KW S TRONIC PROGRESSIVE,SAV,ICE
Audi,Q3 Sportback,SPORTBACK TFSI 110KW S TRONIC S LINE,SAV,ICE
Audi,Q3 Sportback,SPORTBACK TFSI 150KW QUATTRO S TRONIC ADVANCED,SAV,ICE
Audi,Q3 Sportback,SPORTBACK TFSI 150KW QUATTRO S TRONIC BLACK LINE,SAV,ICE
Audi,Q3 Sportback,SPORTBACK TFSI 150KW QUATTRO S TRONIC BUSINESS,SAV,ICE
Audi,Q3 Sportback,SPORTBACK TFSI 150KW QUATTRO S TRONIC PROGRESSIVE,SAV,ICE
Audi,Q3 Sportback,SPORTBACK TFSI 150KW QUATTRO S TRONIC S LINE,SAV,ICE
Audi,Q3 Sportback,SPORTBACK TFSI 195KW QUATTRO S TRONIC BLACK LINE,SAV,ICE
Audi,Q3 Sportback,SPORTBACK TFSI 195KW QUATTRO S TRONIC S LINE,SAV,ICE
Audi,Q4 e-tron,40 E-TRON ADVANCED,SAV,BEV
Audi,Q4 e-tron,40 E-TRON BLACK LINE,SAV,BEV
Audi,Q4 e-tron,40 E-TRON S LINE,SAV,BEV
Audi,Q4 e-tron,45 E-TRON ADVANCED,SAV,BEV
Audi,Q4 e-tron,45 E-TRON BLACK LINE,SAV,BEV
Audi,Q4 e-tron,45 E-TRON GENUINE,SAV,BEV
Audi,Q4 e-tron,45 E-TRON S LINE,SAV,BEV
Audi,Q4 e-tron,55 E-TRON QUATTRO BLACK LINE,SAV,BEV
Audi,Q4 e-tron,55 E-TRON QUATTRO S LINE,SAV,BEV
Audi,Q4 e-tron,e-TRON ADVANCED,SAV,BEV
Audi,Q4 e-tron,e-TRON BLACK LINE,SAV,BEV
Audi,Q4 e-tron,e-TRON BUSINESS,SAV,BEV
Audi,Q4 e-tron,e-TRON PERFORMANCE ADVANCED,SAV,BEV
Audi,Q4 e-tron,e-TRON PERFORMANCE BLACK LINE,SAV,BEV
Audi,Q4 e-tron,e-TRON PERFORMANCE BUSINESS,SAV,BEV
Audi,Q4 e-tron,e-TRON PERFORMANCE S LINE,SAV,BEV
Audi,Q4 e-tron,e-TRON S LINE,SAV,BEV
Audi,Q4 Sportback e-tron,SPORTBACK 40 E-TRON ADVANCED,SAV,BEV
Audi,Q4 Sportback e-tron,SPORTBACK 40 E-TRON BLACK LINE,SAV,BEV
Audi,Q4 Sportback e-tron,SPORTBACK 40 E-TRON S LINE,SAV,BEV
Audi,Q4 Sportback e-tron,SPORTBACK 45 E-TRON ADVANCED,SAV,BEV
Audi,Q4 Sportback e-tron,SPORTBACK 45 E-TRON BLACK LINE,SAV,BEV
Audi,Q4 Sportback e-tron,SPORTBACK 45 E-TRON GENUINE,SAV,BEV
Audi,Q4 Sportback e-tron,SPORTBACK 45 E-TRON S LINE,SAV,BEV
Audi,Q4 Sportback e-tron,SPORTBACK 55 E-TRON QUATTRO ADVANCED,SAV,BEV
Audi,Q4 Sportback e-tron,SPORTBACK 55 E-TRON QUATTRO BLACK LINE,SAV,BEV
Audi,Q4 Sportback e-tron,SPORTBACK 55 E-TRON QUATTRO S LINE,SAV,BEV
Audi,Q4 Sportback e-tron,SPORTBACK e-TRON ADVANCED,SAV,BEV
Audi,Q4 Sportback e-tron,SPORTBACK e-TRON BLACK LINE,SAV,BEV
Audi,Q4 Sportback e-tron,SPORTBACK e-TRON BUSINESS,SAV,BEV
Audi,Q4 Sportback e-tron,SPORTBACK e-TRON PERFORMANCE ADVANCED,SAV,BEV
Audi,Q4 Sportback e-tron,SPORTBACK e-TRON PERFORMANCE BLACK LINE,SAV,BEV
Audi,Q4 Sportback e-tron,SPORTBACK e-TRON PERFORMANCE BUSINESS,SAV,BEV
Audi,Q4 Sportback e-tron,SPORTBACK e-TRON PERFORMANCE S LINE,SAV,BEV
Audi,Q4 Sportback e-tron,SPORTBACK e-TRON S LINE,SAV,BEV
Audi,Q5,35 TDI S TRONIC BLACK LINE,SAV,ICE
Audi,Q5,35 TDI S TRONIC S LINE,SAV,ICE
Audi,Q5,40 TDI QUATTRO-ULTRA S TRONIC ADVANCED,SAV,ICE
Audi,Q5,40 TDI QUATTRO-ULTRA S TRONIC BLACK LINE,SAV,ICE
Audi,Q5,50 TFSIe QUATTRO-ULTRA S TRONIC ADVANCED,SAV,PHEV
Audi,Q5,50 TFSIe QUATTRO-ULTRA S TRONIC BLACK LINE,SAV,PHEV
Audi,Q5,50 TFSIe QUATTRO-ULTRA S TRONIC S LINE,SAV,PHEV
Audi,Q5,e-HYBRID QUATTRO 220 KW ADVANCED,SAV,PHEV
Audi,Q5,e-HYBRID QUATTRO 220 KW BLACK LINE,SAV,PHEV
Audi,Q5,e-HYBRID QUATTRO 220 KW S LINE,SAV,PHEV
Audi,Q5,e-HYBRID QUATTRO 270 KW BLACK LINE,SAV,PHEV
Audi,Q5,SQ5 TDI QUATTRO,SAV,ICE
Audi,Q5,SQ5 TFSI,SAV,ICE
Audi,Q5,TDI quattro 150 KW,SAV,ICE
Audi,Q5,TDI QUATTRO 150 KW ADVANCED,SAV,ICE
Audi,Q5,TDI QUATTRO 150 KW BLACK LINE,SAV,ICE
Audi,Q5,TDI QUATTRO 150 KW S LINE,SAV,ICE
Audi,Q5,TFSI 150 KW ADVANCED,SAV,ICE
Audi,Q5,TFSI 150 KW BLACK LINE,SAV,ICE
Audi,Q5,TFSI 150 KW S LINE,SAV,ICE
Audi,Q5,TFSI quattro 150 KW,SAV,ICE
Audi,Q5,TFSI QUATTRO 150 KW ADVANCED,SAV,ICE
Audi,Q5,TFSI QUATTRO 150 KW BLACK LINE,SAV,ICE
Audi,Q5,TFSI QUATTRO 150 KW S LINE,SAV,ICE
Audi,Q5 Sportback,35 TDI S TRONIC ADVANCED,SAV,ICE
Audi,Q5 Sportback,40 TDI QUATTRO S TRONIC ADVANCED,SAV,ICE
Audi,Q5 Sportback,40 TDI QUATTRO S TRONIC BLACK LINE,SAV,ICE
Audi,Q5 Sportback,40 TDI QUATTRO S TRONIC S LINE,SAV,ICE
Audi,Q5 Sportback,50 TFSIe QUATTRO S TRONIC ADVANCED,SAV,PHEV
Audi,Q5 Sportback,50 TFSIe QUATTRO S TRONIC S LINE,SAV,PHEV
Audi,Q5 Sportback,55 TFSIe QUATTRO S TRONIC BLACK LINE,SAV,PHEV
Audi,Q5 Sportback,e-HYBRID QUATTRO 220KW S TRONIC ADVANCED,SAV,PHEV
Audi,Q5 Sportback,e-HYBRID QUATTRO 220KW S TRONIC BLACK LINE,SAV,PHEV
Audi,Q5 Sportback,e-HYBRID QUATTRO 220KW S TRONIC S LINE,SAV,PHEV
Audi,Q5 Sportback,e-HYBRID QUATTRO 270KW S TRONIC BLACK LINE,SAV,PHEV
Audi,Q5 Sportback,SQ5 TFSI,SAV,ICE
Audi,Q5 Sportback,TDI QUATTRO 150KW S TRONIC ADVANCED,SAV,ICE
Audi,Q5 Sportback,TDI QUATTRO 150KW S TRONIC BLACK LINE,SAV,ICE
Audi,Q5 Sportback,TDI QUATTRO 150KW S TRONIC S LINE,SAV,ICE
Audi,Q5 Sportback,TFSI 150KW S TRONIC ADVANCED,SAV,ICE
Audi,Q5 Sportback,TFSI 150KW S TRONIC BLACK LINE,SAV,ICE
Audi,Q5 Sportback,TFSI 150KW S TRONIC S LINE,SAV,ICE
Audi,Q5 Sportback,TFSI QUATTRO 150KW S TRONIC ADVANCED,SAV,ICE
Audi,Q5 Sportback,TFSI QUATTRO 150KW S TRONIC BLACK LINE,SAV,ICE
Audi,Q5 Sportback,TFSI QUATTRO 150KW S TRONIC S LINE,SAV,ICE
Audi,Q6 e-tron,e-TRON 185KW (252CV) ADVANCED,SAV,BEV
Audi,Q6 e-tron,e-TRON 185KW (252CV) BLACK LINE,SAV,BEV
Audi,Q6 e-tron,e-TRON 185KW (252CV) S LINE,SAV,BEV
Audi,Q6 e-tron,e-TRON PERFORMANCE 225KW (297CV) ADVANCED,SAV,BEV
Audi,Q6 e-tron,e-TRON PERFORMANCE 225KW (297CV) BLACK LINE,SAV,BEV
Audi,Q6 e-tron,e-TRON PERFORMANCE 225KW (297CV) S LINE,SAV,BEV
Audi,Q6 e-tron,e-TRON QUATTRO 250KW (388CV) ADVANCED,SAV,BEV
Audi,Q6 e-tron,e-TRON QUATTRO 250KW (388CV) BLACK LINE,SAV,BEV
Audi,Q6 e-tron,e-TRON QUATTRO 285KW (388CV) S LINE,SAV,BEV
Audi,Q6 e-tron,e-tron QUATTRO 315KW (428CV) ADVANCED,SAV,BEV
Audi,Q6 e-tron,e-tron QUATTRO 315KW (428CV) BLACK LINE,SAV,BEV
Audi,Q6 e-tron,e-tron QUATTRO 315KW (428CV) S LINE,SAV,BEV
Audi,Q6 e-tron,SQ6 e-TRON QUATTRO 360KW (490CV),SAV,BEV
Audi,Q6 e-tron Sportback,e-TRON SPORTBACK 185KW (252CV) ADVANCED,SAV,BEV
Audi,Q6 e-tron Sportback,e-TRON SPORTBACK 185KW (252CV) BLACK LINE,SAV,BEV
Audi,Q6 e-tron Sportback,e-TRON SPORTBACK 185KW (252CV) S LINE,SAV,BEV
Audi,Q6 e-tron Sportback,e-TRON SPORTBACK PERFOR 225KW (297CV) BLACK LINE,SAV,BEV
Audi,Q6 e-tron Sportback,e-TRON SPORTBACK PERFORMAN 225KW (297CV) ADVANCED,SAV,BEV
Audi,Q6 e-tron Sportback,e-TRON SPORTBACK PERFORMAN 225KW (297CV) S LINE,SAV,BEV
Audi,Q6 e-tron Sportback,e-TRON SPORTBACK QUATTRO 285KW (388CV) ADVANCED,SAV,BEV
Audi,Q6 e-tron Sportback,e-TRON SPORTBACK QUATTRO 285KW (388CV) BLACK LINE,SAV,BEV
Audi,Q6 e-tron Sportback,e-TRON SPORTBACK QUATTRO 285KW (388CV) S LINE,SAV,BEV
Audi,Q6 e-tron Sportback,e-TRON SPORTBACK QUATTRO 315KW (428CV) ADVANCED,SAV,BEV
Audi,Q6 e-tron Sportback,e-TRON SPORTBACK QUATTRO 315KW (428CV) BLACK LINE,SAV,BEV
Audi,Q6 e-tron Sportback,e-TRON SPORTBACK QUATTRO 315KW (428CV) S LINE,SAV,BEV
Audi,Q6 e-tron Sportback,SQ6 SPORTBACK 360KW (490CV),SAV,BEV
Audi,Q7,45 TDI QUATTRO ADVANCED,SAV,ICE
Audi,Q7,45 TDI QUATTRO BLACK LINE,SAV,ICE
Audi,Q7,45 TDI QUATTRO S LINE,SAV,ICE
Audi,Q7,50 TDI QUATTRO ADVANCED,SAV,ICE
Audi,Q7,50 TDI QUATTRO BLACK LINE,SAV,ICE
Audi,Q7,50 TDI QUATTRO S LINE,SAV,ICE
Audi,Q7,55 TFSI QUATTRO ADVANCED,SAV,ICE
Audi,Q7,55 TFSI QUATTRO BLACK LINE,SAV,ICE
Audi,Q7,55 TFSI QUATTRO S LINE,SAV,ICE
Audi,Q7,55 TFSIe QUATTRO ADVANCED,SAV,PHEV
Audi,Q7,55 TFSIe QUATTRO BLACK LINE,SAV,PHEV
Audi,Q7,55 TFSIe QUATTRO S LINE,SAV,PHEV
Audi,Q7,60 TFSIe QUATTRO BLACK LINE,SAV,PHEV
Audi,Q7,SQ7 TFSI QUATTRO,SAV,ICE
Audi,Q8,45 TDI QUATTRO BLACK LINE,SAV,ICE
Audi,Q8,45 TDI QUATTRO S LINE,SAV,ICE
Audi,Q8,50 TDI QUATTRO BLACK LINE,SAV,ICE
Audi,Q8,50 TDI QUATTRO S LINE,SAV,ICE
Audi,Q8,55 TFSI QUATTRO BLACK LINE,SAV,ICE
Audi,Q8,55 TFSI QUATTRO S LINE,SAV,ICE
Audi,Q8,55 TFSIe QUATTRO BLACK LINE,SAV,PHEV
Audi,Q8,55 TFSIe QUATTRO S LINE,SAV,PHEV
Audi,Q8,60 TFSIe QUATTRO BLACK LINE,SAV,PHEV
Audi,Q8,RSQ8 QUATTRO,SAV,ICE
Audi,Q8,RSQ8 QUATTRO PERFORMANCE,SAV,ICE
Audi,Q8,SQ8 TFSI QUATTRO,SAV,ICE
Audi,Q8 e-tron,e-TRON 50 QUATTRO S LINE,SAV,BEV
Audi,TT,45 TFSI S TRONIC QUATTRO COUPE LAST EDITION,COUPE,ICE
BMW,i4,G26 I4 35,SEDAN,BEV
BMW,i4,G26 I4 40,SEDAN,BEV
BMW,i4,G26 i4 eDrive35,SEDAN,BEV
BMW,i4,G26 i4 eDrive40,SEDAN,BEV
BMW,i4,G26 i4 M50,SEDAN,BEV
BMW,i4,G26 i4 M60,SEDAN,BEV
BMW,i5,G60 I5 40,SEDAN,BEV
BMW,i5,G60 i5 eDrive40,SEDAN,BEV
BMW,i5,G60 I5 M60,SEDAN,BEV
BMW,i5,G60 i5 M60 xDrive,SEDAN,BEV
BMW,i5,G61 I5 40,ESTATE,BEV
BMW,i5,G61 i5 eDrive40,ESTATE,BEV
BMW,i5,G61 I5 M60,ESTATE,BEV
BMW,i5,G61 i5 M60 xDrive,ESTATE,BEV
BMW,i7,G70 i7 eDrive50,SEDAN,BEV
BMW,i7,G70 i7 M70 xDrive,SEDAN,BEV
BMW,i7,G70 i7 xDrive60,SEDAN,BEV
BMW,iX,I20 IX 45,SAV,BEV
BMW,iX,I20 IX 60,SAV,BEV
BMW,iX,I20 iX M70,SAV,BEV
BMW,iX,I20 iX xDrive50,SAV,BEV
BMW,iX1,U11 IX1 20,SAV,BEV
BMW,iX1,U11 IX1 30,SAV,BEV
BMW,iX1,U11 iX1 eDrive20,SAV,BEV
BMW,iX1,U11 iX1 xDrive30,SAV,BEV
BMW,iX2,U10 IX2 20,SAV,BEV
BMW,iX2,U10 IX2 30,SAV,BEV
BMW,iX2,U10 iX2 eDrive20,SAV,BEV
BMW,iX2,U10 iX2 xDrive30,SAV,BEV
BMW,iX3,NA5 IX3 50,SAV,BEV
BMW,Serie 1,F70 116,HACH 5P,ICE
BMW,Serie 1,F70 118d,HACH 5P,ICE
BMW,Serie 1,F70 120,HACH 5P,ICE
BMW,Serie 1,F70 120d,HACH 5P,ICE
BMW,Serie 1,F70 M135 xDrive,HACH 5P,ICE
BMW,Serie 2,F74 216I,SEDAN,ICE
BMW,Serie 2,F74 218,SEDAN,ICE
BMW,Serie 2,F74 218d,SEDAN,ICE
BMW,Serie 2,F74 220d,SEDAN,ICE
BMW,Serie 2,F74 M235I XDRIVE,SEDAN,ICE
BMW,Serie 2,G42 218i M Sport,COUPE,ICE
BMW,Serie 2,G42 220d  M Sport,COUPE,ICE
BMW,Serie 2,G42 220i M Sport,COUPE,ICE
BMW,Serie 2,G42 230i  M Sport,COUPE,ICE
BMW,Serie 2,G42 M240i,COUPE,ICE
BMW,Serie 2,G42 M240i xDrive,COUPE,ICE
BMW,Serie 2,G87 M2 Coupe,COUPE,ICE
BMW,Serie 2,G87 M2 CS,COUPE,ICE
BMW,Serie 2,U06 218d,MPV,ICE
BMW,Serie 2,U06 218i,MPV,ICE
BMW,Serie 2,U06 220d,MPV,ICE
BMW,Serie 2,U06 220i,MPV,ICE
BMW,Serie 2,U06 225e xDrive,MPV,PHEV
BMW,Serie 2,U06 230e xDrive,MPV,PHEV
BMW,Serie 3,F30 320i,SEDAN,ICE
BMW,Serie 3,G20 318d,SEDAN,ICE
BMW,Serie 3,G20 320d,SEDAN,ICE
BMW,Serie 3,G20 320D xDRIVE,SEDAN,ICE
BMW,Serie 3,G20 320e,SEDAN,PHEV
BMW,Serie 3,G20 320i,SEDAN,ICE
BMW,Serie 3,G20 330e,SEDAN,PHEV
BMW,Serie 3,G20 330i xDrive,SEDAN,ICE
BMW,Serie 3,G20 M340d xDrive,SEDAN,ICE
BMW,Serie 3,G20 M340I,SEDAN,ICE
BMW,Serie 3,G20 M340i xDrive,SEDAN,ICE
BMW,Serie 3,G21 318d,ESTATE,ICE
BMW,Serie 3,G21 320d,ESTATE,ICE
BMW,Serie 3,G21 320d xDrive,ESTATE,ICE
BMW,Serie 3,G21 320i,ESTATE,ICE
BMW,Serie 3,G21 330e xDrive,ESTATE,PHEV
BMW,Serie 3,G21 330i xDrive,ESTATE,ICE
BMW,Serie 3,G21 M340d xDrive,ESTATE,ICE
BMW,Serie 3,G21 M340I,ESTATE,ICE
BMW,Serie 3,G21 M340i xDrive,ESTATE,ICE
BMW,Serie 3,G80 M3 Comp. M xDrive,SEDAN,ICE
BMW,Serie 3,G80 M3 Competition,SEDAN,ICE
BMW,Serie 3,G81 M3 Comp. Touring M xDrive,ESTATE,ICE
BMW,Serie 3,G81 M3 CS,ESTATE,ICE
BMW,Serie 4,G22 420d,COUPE,ICE
BMW,Serie 4,G22 420i,COUPE,ICE
BMW,Serie 4,G22 430d xDrive,COUPE,ICE
BMW,Serie 4,G22 430i xDrive,COUPE,ICE
BMW,Serie 4,G22 M440d xDrive,COUPE,ICE
BMW,Serie 4,G22 M440i xDrive,COUPE,ICE
BMW,Serie 4,G23 420d,CABRIO,ICE
BMW,Serie 4,G23 420i,CABRIO,ICE
BMW,Serie 4,G23 430i xDrive,CABRIO,ICE
BMW,Serie 4,G23 M440d xDrive,CABRIO,ICE
BMW,Serie 4,G23 M440i xDrive,CABRIO,ICE
BMW,Serie 4,G26 420d,SEDAN,ICE
BMW,Serie 4,G26 420i,SEDAN,ICE
BMW,Serie 4,G26 430d xDrive,SEDAN,ICE
BMW,Serie 4,G26 430i xDrive,SEDAN,ICE
BMW,Serie 4,G26 M440I,SEDAN,ICE
BMW,Serie 4,G26 M440i xDrive,SEDAN,ICE
BMW,Serie 4,G82 M4 Comp. Coupe M xDrive,COUPE,ICE
BMW,Serie 4,G82 M4 Competition Coupe,COUPE,ICE
BMW,Serie 4,G82 M4 CS,COUPE,ICE
BMW,Serie 4,G83 M4 Comp. Cabrio M xDrive,CABRIO,ICE
BMW,Serie 5,G60 520d,SEDAN,ICE
BMW,Serie 5,G60 520d xDrive,SEDAN,ICE
BMW,Serie 5,G60 520i,SEDAN,ICE
BMW,Serie 5,G60 530e,SEDAN,PHEV
BMW,Serie 5,G60 530e xDrive,SEDAN,PHEV
BMW,Serie 5,G60 540d xDrive,SEDAN,ICE
BMW,Serie 5,G60 550e xDrive,SEDAN,PHEV
BMW,Serie 5,G61 520d,ESTATE,ICE
BMW,Serie 5,G61 520d xDrive,ESTATE,ICE
BMW,Serie 5,G61 530e,ESTATE,PHEV
BMW,Serie 5,G61 530e xDrive,ESTATE,PHEV
BMW,Serie 5,G61 540d xDrive,ESTATE,ICE
BMW,Serie 5,G61 550e xDrive,ESTATE,PHEV
BMW,Serie 5,G90 M5,SEDAN,PHEV
BMW,Serie 5,G99 M5 Touring,ESTATE,PHEV
BMW,Serie 7,G70 740d xDrive,SEDAN,ICE
BMW,Serie 7,G70 750e xDrive,SEDAN,PHEV
BMW,Serie 7,G70 M760e xDrive,SEDAN,PHEV
BMW,Serie 8,F91 M8 Competition Cabrio,CABRIO,ICE
BMW,Serie 8,F92 M8 Competition Coupe,COUPE,ICE
BMW,Serie 8,G14 840i,CABRIO,ICE
BMW,Serie 8,G15 840d xDrive,COUPE,ICE
BMW,X1,U11 X1 23I,SAV,ICE
BMW,X1,U11 X1 M35i xDrive,SAV,ICE
BMW,X1,U11 X1 sDrive18d,SAV,ICE
BMW,X1,U11 X1 sDrive18i,SAV,ICE
BMW,X1,U11 X1 sDrive20d,SAV,ICE
BMW,X1,U11 X1 sDrive20i,SAV,ICE
BMW,X1,U11 X1 xDrive20d,SAV,ICE
BMW,X1,U11 X1 xDrive25e,SAV,PHEV
BMW,X1,U11 X1 XDrive28i,SAV,ICE
BMW,X1,U11 X1 xDrive30e,SAV,PHEV
BMW,X2,U10 X2 M35i xDrive,SAV,ICE
BMW,X2,U10 X2 sDrive18d,SAV,ICE
BMW,X2,U10 X2 sDrive20d,SAV,ICE
BMW,X2,U10 X2 sDrive20i,SAV,ICE
BMW,X2,U10 X2 xDrive20d,SAV,ICE
BMW,X3,F25 X3 xDrive28i,SAV,ICE
BMW,X3,G01 X3 30E,SAV,PHEV
BMW,X3,G45 X3 20 xDrive,SAV,ICE
BMW,X3,G45 X3 20d xDrive,SAV,ICE
BMW,X3,G45 X3 30e xDrive,SAV,PHEV
BMW,X3,G45 X3 40D,SAV,ICE
BMW,X3,G45 X3 M50 xDrive,SAV,ICE
BMW,X4,F98 X4 M,SAV,ICE
BMW,X4,G02 X4 M40d xDrive,SAV,ICE
BMW,X4,G02 X4 M40i xDrive,SAV,ICE
BMW,X4,G02 X4 xDrive20d xLine,SAV,ICE
BMW,X4,G02 X4 xDrive20i xLine,SAV,ICE
BMW,X4,G02 X4 xDrive30d xLine,SAV,ICE
BMW,X5,F95 X5 M Competition,SAV,ICE
BMW,X5,G05 X5 M60i xDrive,SAV,ICE
BMW,X5,G05 X5 xDrive30d xLine,SAV,ICE
BMW,X5,G05 X5 xDrive40d xLine,SAV,ICE
BMW,X5,G05 X5 xDrive40i xLine,SAV,ICE
BMW,X5,G05 X5 xDrive50e xLine,SAV,PHEV
BMW,X6,F16 X6 xDrive50i,SAV,ICE
BMW,X6,F96 X6 M Competition,SAV,ICE
BMW,X6,G06 X6 M60i xDrive,SAV,ICE
BMW,X6,G06 X6 xDrive30d M Sport,SAV,ICE
BMW,X6,G06 X6 xDrive40d M Sport,SAV,ICE
BMW,X6,G06 X6 xDrive40i M Sport,SAV,ICE
BMW,X7,G07 X7 M60i xDrive,SAV,ICE
BMW,X7,G07 X7 xDrive40d,SAV,ICE
BMW,X7,G07 X7 xDrive40i,SAV,ICE
BMW,XM,G09 XM,SAV,PHEV
BMW,XM,G09 XM 50e,SAV,PHEV
BMW,XM,G09 XM Label Red,SAV,PHEV
BMW,Z4,G29 Z4 M40i,ROADSTER,ICE
BMW,Z4,G29 Z4 sDrive20i,ROADSTER,ICE
BMW,Z4,G29 Z4 sDrive30i,ROADSTER,ICE
Mercedes,AMG GT,53 4MATIC+ COUPE 4P,COUPE,ICE
Mercedes,AMG GT,AMG GT 43,COUPE,ICE
Mercedes,AMG GT,AMG GT 55 4MATIC+,COUPE,ICE
Mercedes,AMG GT,AMG GT 63 4MATIC+,COUPE,ICE
Mercedes,AMG GT,AMG GT 63 PRO 4MATIC+,COUPE,ICE
Mercedes,Citan,108 CDI FURGON,TRANSPORTER,ICE
Mercedes,Citan,110 CDI FURGON,TRANSPORTER,ICE
Mercedes,Citan,110 CDI FURGON LARGO,TRANSPORTER,ICE
Mercedes,Citan,110 CDI TOURER,TRANSPORTER,ICE
Mercedes,Citan,110 TOURER,TRANSPORTER,ICE
Mercedes,Citan,112 CDI FURGON,TRANSPORTER,ICE
Mercedes,Citan,112 CDI FURGON LARGO,TRANSPORTER,ICE
Mercedes,Citan,112 CDI TOURER,TRANSPORTER,ICE
Mercedes,Citan,113 FURGON LARGO,TRANSPORTER,ICE
Mercedes,Citan,113 TOURER,TRANSPORTER,ICE
Mercedes,Citan,113 TOURER LARGO,TRANSPORTER,ICE
Mercedes,Clase A,A 180,HACH 5P,ICE
Mercedes,Clase A,A 180,SEDAN,ICE
Mercedes,Clase A,A 180 d,HACH 5P,ICE
Mercedes,Clase A,A 200,HACH 5P,ICE
Mercedes,Clase A,A 200,SEDAN,ICE
Mercedes,Clase A,A 200 d,HACH 5P,ICE
Mercedes,Clase A,A 200 d,SEDAN,ICE
Mercedes,Clase A,A 250 e,HACH 5P,PHEV
Mercedes,Clase A,A 250 e,SEDAN,PHEV
Mercedes,Clase A,A 35 4 MATIC AMG,HACH 5P,ICE
Mercedes,Clase A,A 45 S 4 MATIC AMG,HACH 5P,ICE
Mercedes,Clase B,B 180,MPV,ICE
Mercedes,Clase B,B 180 d,MPV,ICE
Mercedes,Clase B,B 200,MPV,ICE
Mercedes,Clase B,B 200 d,MPV,ICE
Mercedes,Clase B,B 250 e,MPV,PHEV
Mercedes,Clase C,C 180,SEDAN,ICE
Mercedes,Clase C,C 200,ESTATE,ICE
Mercedes,Clase C,C 200,SEDAN,ICE
Mercedes,Clase C,C 200 d,ESTATE,ICE
Mercedes,Clase C,C 200 d,SEDAN,ICE
Mercedes,Clase C,C 220 d,ESTATE,ICE
Mercedes,Clase C,C 220 d,SEDAN,ICE
Mercedes,Clase C,C 220 d 4 MATIC,ESTATE,ICE
Mercedes,Clase C,C 220 d 4 MATIC ALL-TERRAIN,ESTATE,ICE
Mercedes,Clase C,C 220 d 4MATIC,SEDAN,ICE
Mercedes,Clase C,C 300,ESTATE,ICE
Mercedes,Clase C,C 300,SEDAN,ICE
Mercedes,Clase C,C 300 d,ESTATE,ICE
Mercedes,Clase C,C 300 d,SEDAN,ICE
Mercedes,Clase C,C 300 de,ESTATE,PHEV
Mercedes,Clase C,C 300 de,SEDAN,PHEV
Mercedes,Clase C,C 300 de 4MATIC,ESTATE,PHEV
Mercedes,Clase C,C 300 de 4MATIC,SEDAN,PHEV
Mercedes,Clase C,C 300 e,ESTATE,PHEV
Mercedes,Clase C,C 300 e,SEDAN,PHEV
Mercedes,Clase C,C 43 4MATIC AMG,COUPE,ICE
Mercedes,Clase C,C 63 S E PERFORMANCE AMG,COUPE,ICE
Mercedes,Clase CLA,CLA 180,SEDAN,ICE
Mercedes,Clase CLA,CLA 200,ESTATE,ICE
Mercedes,Clase CLA,CLA 200,SEDAN,ICE
Mercedes,Clase CLA,CLA 200 d,ESTATE,ICE
Mercedes,Clase CLA,CLA 200 d,SEDAN,ICE
Mercedes,Clase CLA,CLA 200 TECNOLOGIA EQ,SEDAN,BEV
Mercedes,Clase CLA,CLA 220,SEDAN,ICE
Mercedes,Clase CLA,CLA 220 d,ESTATE,ICE
Mercedes,Clase CLA,CLA 220 d,SEDAN,ICE
Mercedes,Clase CLA,CLA 250 e,ESTATE,PHEV
Mercedes,Clase CLA,CLA 250 e,SEDAN,PHEV
Mercedes,Clase CLA,CLA 250+ CON TECNOLOGIA EQ,ESTATE,BEV
Mercedes,Clase CLA,CLA 250+ TECNOLOGIA EQ,SEDAN,BEV
Mercedes,Clase CLA,CLA 35 MERCEDES-AMG 4MATIC,SEDAN,ICE
Mercedes,Clase CLA,CLA 45 MERCEDES-AMG S 4MATIC,SEDAN,ICE
Mercedes,Clase CLE,CLE 200,CABRIO,ICE
Mercedes,Clase CLE,CLE 200,COUPE,ICE
Mercedes,Clase CLE,CLE 220 D,CABRIO,ICE
Mercedes,Clase CLE,CLE 220D,COUPE,ICE
Mercedes,Clase CLE,CLE 300 4 MATIC,CABRIO,ICE
Mercedes,Clase CLE,CLE 300 4 MATIC,COUPE,ICE
Mercedes,Clase CLE,CLE 300e,COUPE,PHEV
Mercedes,Clase CLE,CLE 53 4 MATIC+ AMG,CABRIO,ICE
Mercedes,Clase CLE,CLE 53 4 MATIC+ AMG,COUPE,ICE
Mercedes,Clase E,E 200,ESTATE,ICE
Mercedes,Clase E,E 200,SEDAN,ICE
Mercedes,Clase E,E 220 D,ESTATE,ICE
Mercedes,Clase E,E 220 D,SEDAN,ICE
Mercedes,Clase E,E 220 D 4MATIC,ESTATE,ICE
Mercedes,Clase E,E 220 D 4MATIC,SEDAN,ICE
Mercedes,Clase E,E 220 D 4MATIC ALL-TERRAIN,ESTATE,ICE
Mercedes,Clase E,E 300 de,ESTATE,PHEV
Mercedes,Clase E,E 300 de,SEDAN,PHEV
Mercedes,Clase E,E 300 de 4MATIC,ESTATE,PHEV
Mercedes,Clase E,E 300 de 4MATIC,SEDAN,PHEV
Mercedes,Clase E,E 300 de 4MATIC ALL-TERRAIN,ESTATE,PHEV
Mercedes,Clase E,E 300 e,ESTATE,PHEV
Mercedes,Clase E,E 300 e,SEDAN,PHEV
Mercedes,Clase E,E 450 D 4 MATIC,ESTATE,ICE
Mercedes,Clase E,E 450 D 4MATIC,SEDAN,ICE
Mercedes,Clase E,E 53 HYBRID 4 MATIC+ AMG,ESTATE,PHEV
Mercedes,Clase E,E 53 HYBRID 4 MATIC+ AMG,SEDAN,PHEV
Mercedes,Clase G,G 450 D,SAV,ICE
Mercedes,Clase G,G 500,SAV,ICE
Mercedes,Clase G,G 580 EQ,SAV,BEV
Mercedes,Clase G,G 63 AMG,SAV,ICE
Mercedes,Clase GLA,GLA 200,SAV,ICE
Mercedes,Clase GLA,GLA 200 D,SAV,ICE
Mercedes,Clase GLA,GLA 200 D 4MATIC,SAV,ICE
Mercedes,Clase GLA,GLA 220 D 4MATIC,SAV,ICE
Mercedes,Clase GLA,GLA 250 4MATIC,SAV,ICE
Mercedes,Clase GLA,GLA 250e,SAV,PHEV
Mercedes,Clase GLA,GLA 35 4MATIC AMG,SAV,ICE
Mercedes,Clase GLA,GLA 45 4MATIC AMG S,SAV,ICE
Mercedes,Clase GLB,GLB 200,SAV,ICE
Mercedes,Clase GLB,GLB 200 D,SAV,ICE
Mercedes,Clase GLB,GLB 200 D 4 MATIC,SAV,ICE
Mercedes,Clase GLB,GLB 220 D 4 MATIC,SAV,ICE
Mercedes,Clase GLB,GLB 250 4 MATIC,SAV,ICE
Mercedes,Clase GLB,GLB 250+ EQ,SAV,BEV
Mercedes,Clase GLB,GLB 350 4 MATIC EQ,SAV,BEV
Mercedes,Clase GLB,GLB AMG 35 4 MATIC,SAV,ICE
Mercedes,Clase GLC,GLC 200 4MATIC,SAV,ICE
Mercedes,Clase GLC,GLC 220 D 4MATIC,SAV,ICE
Mercedes,Clase GLC,GLC 300 4MATIC,SAV,ICE
Mercedes,Clase GLC,GLC 300 D 4MATIC,SAV,ICE
Mercedes,Clase GLC,GLC 300 de 4MATIC,SAV,PHEV
Mercedes,Clase GLC,GLC 300 e 4MATIC,SAV,PHEV
Mercedes,Clase GLC,GLC 400 4MATIC EQ,SAV,BEV
Mercedes,Clase GLC,GLC 43 4MATIC AMG,SAV,ICE
Mercedes,Clase GLC,GLC 53 4MATIC+ AMG,SAV,ICE
Mercedes,Clase GLC,GLC 63 4MATIC AMG SE PERFORMANCE,SAV,PHEV
Mercedes,Clase GLC Coupe,GLC 200 4MATIC,SAV,ICE
Mercedes,Clase GLC Coupe,GLC 220 D 4MATIC,SAV,ICE
Mercedes,Clase GLC Coupe,GLC 300 4MATIC,SAV,ICE
Mercedes,Clase GLC Coupe,GLC 300 D 4MATIC,SAV,ICE
Mercedes,Clase GLC Coupe,GLC 300 e 4MATIC,SAV,PHEV
Mercedes,Clase GLC Coupe,GLC 43 4MATIC AMG,SAV,ICE
Mercedes,Clase GLC Coupe,GLC 53 4MATIC AMG,SAV,ICE
Mercedes,Clase GLC Coupe,GLC 63 4MATIC AMG SE PERFORMANCE,SAV,PHEV
Mercedes,Clase GLE,GLE 300 D 4MATIC,SAV,ICE
Mercedes,Clase GLE,GLE 350 DE 4MATIC,SAV,PHEV
Mercedes,Clase GLE,GLE 400 e 4MATIC,SAV,PHEV
Mercedes,Clase GLE,GLE 450 4MATIC,SAV,ICE
Mercedes,Clase GLE,GLE 450 D 4MATIC,SAV,ICE
Mercedes,Clase GLE,GLE 53 4MATIC AMG,SAV,ICE
Mercedes,Clase GLE,GLE 53 HYBRID 4MATIC AMG,SAV,PHEV
Mercedes,Clase GLE,GLE 63 4MATIC AMG S,SAV,ICE
Mercedes,Clase GLE Coupe,GLE 300 D 4MATIC,SAV,ICE
Mercedes,Clase GLE Coupe,GLE 350 DE 4MATIC,SAV,PHEV
Mercedes,Clase GLE Coupe,GLE 400 e 4MATIC,SAV,PHEV
Mercedes,Clase GLE Coupe,GLE 450 D 4MATIC,SAV,ICE
Mercedes,Clase GLE Coupe,GLE 53 4MATIC+ AMG,SAV,ICE
Mercedes,Clase GLE Coupe,GLE 53 HYBRID 4MATIC+ AMG,SAV,PHEV
Mercedes,Clase GLE Coupe,GLE 63 S 4MATIC+ AMG,SAV,ICE
Mercedes,Clase GLS,GLS 350 D 4MATIC,SAV,ICE
Mercedes,Clase GLS,GLS 580 4MATIC,SAV,ICE
Mercedes,Clase GLS,GLS 600 4MATIC MAYBACH,SAV,ICE
Mercedes,Clase GLS,GLS 63 4MATIC+ AMG,SAV,ICE
Mercedes,Clase S,S 350 D,SEDAN,ICE
Mercedes,Clase S,S 350 D 4MATIC,SEDAN,ICE
Mercedes,Clase S,S 350 D L,SEDAN,ICE
Mercedes,Clase S,S 450 D 4MATIC,SEDAN,ICE
Mercedes,Clase S,S 450 D 4MATIC L,SEDAN,ICE
Mercedes,Clase S,S 450 e,SEDAN,PHEV
Mercedes,Clase S,S 450 e L,SEDAN,PHEV
Mercedes,Clase S,S 580 e MAYBACH,SEDAN,PHEV
Mercedes,Clase S,S 580 MAYBACH,SEDAN,ICE
Mercedes,Clase SL,SL 43 AMG,ROADSTER,ICE
Mercedes,Clase SL,SL 55 4MATIC+ AMG,ROADSTER,ICE
Mercedes,Clase SL,SL 680 MAYBACH,ROADSTER,ICE
Mercedes,Clase T,T160,TRANSPORTER,ICE
Mercedes,Clase T,T160d,TRANSPORTER,ICE
Mercedes,Clase T,T180,TRANSPORTER,ICE
Mercedes,Clase T,T180 LARGO,TRANSPORTER,ICE
Mercedes,Clase T,T180d,TRANSPORTER,ICE
Mercedes,Clase V,V 220 D COMPACTO AVANTGARDE,MPV,ICE
Mercedes,Clase V,V 220 D COMPACTO AVANTGARDE 4X4,MPV,ICE
Mercedes,Clase V,V 220 D COMPACTO CLASE V,MPV,ICE
Mercedes,Clase V,V 220 D COMPACTO CLASE V 4X4,MPV,ICE
Mercedes,Clase V,V 220 D COMPACTO RISE,MPV,ICE
Mercedes,Clase V,V 220 D COMPACTO STYLE,MPV,ICE
Mercedes,Clase V,V 220 D EXTRALARGO AVANTGARDE,MPV,ICE
Mercedes,Clase V,V 220 D EXTRALARGO CLASE V,MPV,ICE
Mercedes,Clase V,V 220 D EXTRALARGO STYLE,MPV,ICE
Mercedes,Clase V,V 220 D LARGO AVANTGARDE,MPV,ICE
Mercedes,Clase V,V 220 D LARGO CLASE V,MPV,ICE
Mercedes,Clase V,V 220 D LARGO STYLE,MPV,ICE
Mercedes,Clase V,V 250 D COMPACTO AVANTGARDE,MPV,ICE
Mercedes,Clase V,V 250 D COMPACTO CLASE V 4X4,MPV,ICE
Mercedes,Clase V,V 250 D COMPACTO STYLE,MPV,ICE
Mercedes,Clase V,V 250 D EXTRALARGO AVANTGARDE,MPV,ICE
Mercedes,Clase V,V 250 D EXTRALARGO CLASE V,MPV,ICE
Mercedes,Clase V,V 250 D EXTRALARGO EXCLUSIVE,MPV,ICE
Mercedes,Clase V,V 250 D EXTRALARGO STYLE,MPV,ICE
Mercedes,Clase V,V 250 D LARGO AVANTGARDE,MPV,ICE
Mercedes,Clase V,V 250 D LARGO CLASE V,MPV,ICE
Mercedes,Clase V,V 250 D LARGO EXCLUSIVE,MPV,ICE
Mercedes,Clase V,V 250 D LARGO STYLE,MPV,ICE
Mercedes,Clase V,V 300 D COMPACTO AVANTGARDE,MPV,ICE
Mercedes,Clase V,V 300 D COMPACTO CLASE V 4X4,MPV,ICE
Mercedes,Clase V,V 300 D COMPACTO STYLE,MPV,ICE
Mercedes,Clase V,V 300 D EXTRALARGO AVANTGARDE,MPV,ICE
Mercedes,Clase V,V 300 D EXTRALARGO EXCLUSIVE,MPV,ICE
Mercedes,Clase V,V 300 D EXTRALARGO STYLE,MPV,ICE
Mercedes,Clase V,V 300 D LARGO AVANTGARDE,MPV,ICE
Mercedes,Clase V,V 300 D LARGO EXCLUSIVE,MPV,ICE
Mercedes,Clase V,V 300 D LARGO STYLE,MPV,ICE
Mercedes,Clase V,V 300 G EXTRALARGO,MPV,ICE
Mercedes,Clase V,V 300 G EXTRALARGO AVANTGARDE,MPV,ICE
Mercedes,Clase V,V 300 G EXTRALARGO EXCLUSIVE,MPV,ICE
Mercedes,Clase V,V 300 G EXTRALARGO STYLE,MPV,ICE
Mercedes,Clase V,V 300 G LARGO,MPV,ICE
Mercedes,Clase V,V 300 G LARGO AVANTGARDE,MPV,ICE
Mercedes,Clase V,V 300 G LARGO EXCLUSIVE,MPV,ICE
Mercedes,Clase V,V 300 G LARGO STYLE,MPV,ICE
Mercedes,eCitan,FURGON PRO EXTRA LARGO,TRANSPORTER,BEV
Mercedes,eCitan,FURGON PRO LARGO,TRANSPORTER,BEV
Mercedes,eCitan,TOURER PRO LARGO,TRANSPORTER,BEV
Mercedes,EQA,EQA 250+,SAV,BEV
Mercedes,EQA,EQA 350 4MATIC,SAV,BEV
Mercedes,EQB,EQB 250+,SAV,BEV
Mercedes,EQB,EQB 350 4MATIC,SAV,BEV
Mercedes,EQE,EQE 300,SAV,BEV
Mercedes,EQE,EQE 300,SEDAN,BEV
Mercedes,EQE,EQE 350 4MATIC,SAV,BEV
Mercedes,EQE,EQE 350+,SAV,BEV
Mercedes,EQE,EQE 350+,SEDAN,BEV
Mercedes,EQE,EQE 500 4MATIC,SAV,BEV
Mercedes,EQE,EQE 53 4MATIC AMG,SAV,BEV
Mercedes,EQS,EQS 450 4MATIC,SAV,BEV
Mercedes,EQS,EQS 450+,SEDAN,BEV
Mercedes,EQS,EQS 500 4MATIC,SAV,BEV
Mercedes,EQS,EQS 680 MAYBACH,SAV,BEV
Mercedes,EQT,200 45WKH LARGO,TRANSPORTER,BEV
Mercedes,EQV,EQV 250 EXTRALARGO,MPV,BEV
Mercedes,EQV,EQV 250 LARGO,MPV,BEV
Mercedes,EQV,EQV 300 EXTRALARGO,MPV,BEV
Mercedes,e-Sprinter,312 e FURGON MEDIO TD 3/4,TRANSPORTER,BEV
Mercedes,e-Sprinter,312 e FURGON MEDIO TD 4/4,TRANSPORTER,BEV
Mercedes,eVito,eVito 112 Furgon Extralarga,TRANSPORTER,BEV
Mercedes,eVito,eVito 112 Furgon Larga,TRANSPORTER,BEV
Mercedes,eVito,eVito 129 Tourer Extralarga 100KWH,TRANSPORTER,BEV
Mercedes,eVito,eVito 129 Tourer Larga 100KWH,TRANSPORTER,BEV
Mercedes,Marco Polo,220 D MARCO POLO 9 G-TRONIC 4X2,TRANSPORTER,ICE
Mercedes,Marco Polo,220 D MARCO POLO 9 G-TRONIC 4X2 HORIZON,TRANSPORTER,ICE
Mercedes,Marco Polo,220 D MARCO POLO HORIZON 9 G-TRONIC 4X2,TRANSPORTER,ICE
Mercedes,Marco Polo,250 D MARCO POLO 9 G-TRONIC 4X2 HORIZON,TRANSPORTER,ICE
Mercedes,Marco Polo,300 D MARCO POLO 9 G-TRONIC 4X2,TRANSPORTER,ICE
Mercedes,Marco Polo,300 D MARCO POLO 9 G-TRONIC 4X2 HORIZON,TRANSPORTER,ICE
Mercedes,Sprinter 200,215 CDI TD CHASIS CABINA COMPACTO,TRANSPORTER,ICE
Mercedes,Sprinter 200,215 CDI TD FURGON COMPACTO,TRANSPORTER,ICE
Mercedes,Sprinter 300,311 CDI TD CHASIS CABINA COMPACTO,TRANSPORTER,ICE
Mercedes,Sprinter 300,311 CDI TD CHASIS CABINA MEDIO,TRANSPORTER,ICE
Mercedes,Sprinter 300,311 CDI TD FURGON COMPACTO,TRANSPORTER,ICE
Mercedes,Sprinter 300,311 CDI TD FURGON MEDIO T.E.,TRANSPORTER,ICE
Mercedes,Sprinter 300,311 CDI TT FURGON COMPACTO,TRANSPORTER,ICE
Mercedes,Sprinter 300,311 CDI TT FURGON LARGO T.E.,TRANSPORTER,ICE
Mercedes,Sprinter 300,311 CDI TT FURGON MEDIO T.E.,TRANSPORTER,ICE
Mercedes,Sprinter 300,311 CDI TT MIXTO COMPACTO,TRANSPORTER,ICE
Mercedes,Sprinter 300,311 CDI TT MIXTO LARGO T.E.,TRANSPORTER,ICE
Mercedes,Sprinter 300,311 CDI TT MIXTO MEDIO T.E.,TRANSPORTER,ICE
Mercedes,Sprinter 300,315 CDI TD CHASIS CABINA COMPACTO,TRANSPORTER,ICE
Mercedes,Sprinter 300,315 CDI TD CHASIS CABINA MEDIO,TRANSPORTER,ICE
Mercedes,Sprinter 300,315 CDI TD FURGON COMPACTO,TRANSPORTER,ICE
Mercedes,Sprinter 300,315 CDI TD FURGON MEDIO T.E.,TRANSPORTER,ICE
Mercedes,Sprinter 300,315 CDI TD FURGON MEDIO T.E. CAMPER,TRANSPORTER,ICE
Mercedes,Sprinter 300,315 CDI TT CHASIS CABINA COMPACTO,TRANSPORTER,ICE
Mercedes,Sprinter 300,315 CDI TT CHASIS CABINA LARGO,TRANSPORTER,ICE
Mercedes,Sprinter 300,315 CDI TT CHASIS CABINA MEDIO,TRANSPORTER,ICE
Mercedes,Sprinter 300,315 CDI TT CHASIS DOBLE CABINA COMPACTO,TRANSPORTER,ICE
Mercedes,Sprinter 300,315 CDI TT CHASIS DOBLE CABINA LARGO,TRANSPORTER,ICE
Mercedes,Sprinter 300,315 CDI TT CHASIS DOBLE CABINA MEDIO,TRANSPORTER,ICE
Mercedes,Sprinter 300,315 CDI TT FURGON COMPACTO,TRANSPORTER,ICE
Mercedes,Sprinter 300,315 CDI TT FURGON EXTRALARGO T.E.,TRANSPORTER,ICE
Mercedes,Sprinter 300,315 CDI TT FURGON LARGO T.E.,TRANSPORTER,ICE
Mercedes,Sprinter 300,315 CDI TT FURGON MEDIO T.E.,TRANSPORTER,ICE
Mercedes,Sprinter 300,315 CDI TT MIXTO COMPACTO,TRANSPORTER,ICE
Mercedes,Sprinter 300,315 CDI TT MIXTO EXTRALARGO T.E.,TRANSPORTER,ICE
Mercedes,Sprinter 300,315 CDI TT MIXTO LARGO T.E.,TRANSPORTER,ICE
Mercedes,Sprinter 300,315 CDI TT MIXTO MEDIO T.E.,TRANSPORTER,ICE
Mercedes,Sprinter 300,315 CDI TT TOURER COMPACTO,TRANSPORTER,ICE
Mercedes,Sprinter 300,315 CDI TT TOURER LARGO T.E.,TRANSPORTER,ICE
Mercedes,Sprinter 300,315 CDI TT TOURER MEDIO T.E.,TRANSPORTER,ICE
Mercedes,Sprinter 300,319 CDI TT CHASIS CABINA LARGO,TRANSPORTER,ICE
Mercedes,Sprinter 300,319 CDI TT CHASIS CABINA MEDIO,TRANSPORTER,ICE
Mercedes,Sprinter 300,319 CDI TT CHASIS DOBLE CABINA MEDIO,TRANSPORTER,ICE
Mercedes,Sprinter 300,319 CDI TT FURGON EXTRALARGO T.E.,TRANSPORTER,ICE
Mercedes,Sprinter 300,319 CDI TT MIXTO LARGO T.E.,TRANSPORTER,ICE
Mercedes,Sprinter 300,319 CDI TT MIXTO MEDIO T.E.,TRANSPORTER,ICE
Mercedes,Sprinter 300,319 CDI TT TOURER LARGO T.E.,TRANSPORTER,ICE
Mercedes,Sprinter 300,319 CDI TT TOURER MEDIO T.E.,TRANSPORTER,ICE
Mercedes,Sprinter 400,415 CDI TT MIXTO EXTRALARGO T.E.,TRANSPORTER,ICE
Mercedes,Sprinter 400,415 CDI TT MIXTO MEDIO T.E.,TRANSPORTER,ICE
Mercedes,Sprinter 400,417 CDI TT MIXTO COMPACTO,TRANSPORTER,ICE
Mercedes,Sprinter 400,419 CDI TT MIXTO EXTRALARGO T.E.,TRANSPORTER,ICE
Mercedes,Sprinter 400,419 CDI TT MIXTO LARGO T.E.,TRANSPORTER,ICE
Mercedes,Sprinter 400,419 CDI TT MIXTO MEDIO T.E.,TRANSPORTER,ICE
Mercedes,Sprinter 500,515 CDI TT CHASIS CABINA LARGO,TRANSPORTER,ICE
Mercedes,Sprinter 500,515 CDI TT CHASIS CABINA MEDIO,TRANSPORTER,ICE
Mercedes,Sprinter 500,515 CDI TT CHASIS DOBLE CABINA LARGO,TRANSPORTER,ICE
Mercedes,Sprinter 500,515 CDI TT CHASIS DOBLE CABINA MEDIO,TRANSPORTER,ICE
Mercedes,Sprinter 500,515 CDI TT FURGON EXTRALARGO T.E.,TRANSPORTER,ICE
Mercedes,Sprinter 500,515 CDI TT FURGON LARGO T.E.,TRANSPORTER,ICE
Mercedes,Sprinter 500,515 CDI TT FURGON MEDIO T.E.,TRANSPORTER,ICE
Mercedes,Sprinter 500,515 CDI TT MIXTO MEDIO T.E.,TRANSPORTER,ICE
Mercedes,Sprinter 500,517 CDI TT CHASIS CABINA LARGO,TRANSPORTER,ICE
Mercedes,Sprinter 500,517 CDI TT CHASIS CABINA MEDIO,TRANSPORTER,ICE
Mercedes,Sprinter 500,517 CDI TT CHASIS DOBLE CABINA LARGO,TRANSPORTER,ICE
Mercedes,Sprinter 500,517 CDI TT CHASIS DOBLE CABINA MEDIO,TRANSPORTER,ICE
Mercedes,Sprinter 500,517 CDI TT FURGON EXTRALARGO T.E.,TRANSPORTER,ICE
Mercedes,Sprinter 500,517 CDI TT FURGON LARGO T.E.,TRANSPORTER,ICE
Mercedes,Sprinter 500,517 CDI TT FURGON MEDIO T.E.,TRANSPORTER,ICE
Mercedes,Sprinter 500,517 CDI TT MIXTO EXTRALARGO T.E.,TRANSPORTER,ICE
Mercedes,Sprinter 500,517 CDI TT MIXTO LARGO T.E.,TRANSPORTER,ICE
Mercedes,Sprinter 500,517 CDI TT MIXTO MEDIO T.E.,TRANSPORTER,ICE
Mercedes,Sprinter 500,519 CDI TT CHASIS DOBLE CABINA LARGO,TRANSPORTER,ICE
Mercedes,Sprinter 500,519 CDI TT CHASIS DOBLE CABINA MEDIO,TRANSPORTER,ICE
Mercedes,Sprinter 500,519 CDI TT MIXTO LARGO T.E.,TRANSPORTER,ICE
